Execution and Count Analysis for Batch ID: 74,
Asset Classes in this batch,
IR
Clients in the Batch
VPC019BKA
TST045BKA
CLR001BKA
GSAM001BKA
VPC064BKC
TST013BKD
LCH002BKA
TST013BKE
W7T008BKA
RVC043BKA
CLR002BKA
POLSRPBKA
0912BKA
W7T006BKA
TST013BKB
SWROBOT01BKA
VPC064SSA
VPC109BKA
TST003BKA
BATTSTBKA
SENICEBA
POLSRPBKB
VPC019BKC
0910BKA
VPC064BKA
POLSPRSSA
POLSPRBKB
SENICEEUA
CN3BKA
0912BKB
POLSPRBKA
VPC064BKB
VPC110BKA
"Analyzing Data for :('VPC019BKA',)",
